<?xml version="1.0" encoding="UTF-8"?>
<lom xmlns="http://ltsc.ieee.org/xsd/LOM" xmlns:xsi="http://www.w3.org/2001/XMLSchema-instance" xsi:schemaLocation="http://ltsc.ieee.org/xsd/LOM lomCustom.xsd"><general uniqueElementName="general"><identifier><catalog uniqueElementName="catalog">My Catalog</catalog><entry uniqueElementName="entry">4a7d755e-34a5-410a-a7d4-601881136623</entry></identifier><title><string language="es">Escritura coreana</string></title><language>es</language><description><string language="es">curso de escritura coreana para los alumnos coreanos de primaria en España</string></description><aggregationLevel uniqueElementName="aggregationLevel"><source uniqueElementName="source">LOM-ESv1.0</source><value uniqueElementName="value">2</value></aggregationLevel></general><lifeCycle><contribute><role uniqueElementName="role"><source uniqueElementName="source">LOM-ESv1.0</source><value uniqueElementName="value">author</value></role><entity>BEGIN:VCARD VERSION:3.0 FN:Seungmin Lee EMAIL;TYPE=INTERNET: ORG: END:VCARD</entity><date><dateTime uniqueElementName="dateTime">2019-05-19T21:44:09.00+02:00</dateTime><description><string language="es">Fecha de creación de los metadatos</string></description></date></contribute></lifeCycle><metaMetadata uniqueElementName="metaMetadata"><contribute><role uniqueElementName="role"><source uniqueElementName="source">LOM-ESv1.0</source><value uniqueElementName="value">creator</value></role><entity>BEGIN:VCARD VERSION:3.0 FN:Seungmin Lee EMAIL;TYPE=INTERNET: ORG: END:VCARD</entity><date><dateTime uniqueElementName="dateTime">2019-05-19T21:37:36.00+02:00</dateTime><description><string language="es">Fecha de creación de los metadatos</string></description></date></contribute><metadataSchema>LOM-ESv1.0</metadataSchema><language>es</language></metaMetadata><technical uniqueElementName="technical"><otherPlatformRequirements><string language="es">editor: eXe Learning</string></otherPlatformRequirements></technical><educational><intendedEndUserRole><source uniqueElementName="source">LOM-ESv1.0</source><value uniqueElementName="value">learner</value></intendedEndUserRole><context><source uniqueElementName="source">LOM-ESv1.0</source><value uniqueElementName="value">face to face</value></context><context><source uniqueElementName="source">LOM-ESv1.0</source><value uniqueElementName="value">real environment</value></context><description><string language="es">CONOCIMIENTO PREVIO: No requiere ningún conocimiento previo</string></description><description><string language="es">OBJETIVOS: Que los alumnos de origen coreano sepan leer los textos en coreano</string></description><language>es</language></educational><rights uniqueElementName="rights"><copyrightAndOtherRestrictions uniqueElementName="copyrightAndOtherRestrictions"><source uniqueElementName="source">LOM-ESv1.0</source><value uniqueElementName="value">creative commons: attribution - non derived work - non commercial</value></copyrightAndOtherRestrictions><access uniqueElementName="access"><accessType uniqueElementName="accessType"><source uniqueElementName="source">LOM-ESv1.0</source><value uniqueElementName="value">universal</value></accessType><description><string language="en">Default</string></description></access></rights></lom>