<?xml version="1.0" encoding="UTF-8"?>
<!-- Generated by eXe - http://exelearning.net -->
<manifest identifier="eXeescritura5c40c5be2449d06ac51" xmlns="http://www.imsproject.org/xsd/imscp_rootv1p1p2" xmlns:adlcp="http://www.adlnet.org/xsd/adlcp_rootv1p2" xmlns:imsmd="http://www.imsglobal.org/xsd/imsmd_v1p2" xmlns:xsi="http://www.w3.org/2001/XMLSchema-instance" xsi:schemaLocation="http://www.imsproject.org/xsd/imscp_rootv1p1p2 imscp_rootv1p1p2.xsd http://www.imsglobal.org/xsd/imsmd_rootv1p2p1 imsmd_rootv1p2p1.xsd http://www.adlnet.org/xsd/adlcp_rootv1p2 adlcp_rootv1p2.xsd" > 
<metadata> 
 <schema>ADL SCORM</schema> 
 <schemaversion>1.2</schemaversion> 
 <adlcp:location>imslrm.xml</adlcp:location> 
</metadata> 
<organizations default="eXeescritura5c40c5be2449d06ac52">  
    <organization identifier="eXeescritura5c40c5be2449d06ac52" structure="hierarchical">
        <title>Escritura coreana</title>
<item identifier="ITEM-eXeescritura5c40c5be2449d06ac53" isvisible="true" identifierref="RES-eXeescritura5c40c5be2449d06ac54">
    <title>Leer y escribir en coreano</title>
<item identifier="ITEM-eXeescritura5c40c5be2449d06ac65" isvisible="true" identifierref="RES-eXeescritura5c40c5be2449d06ac66">
    <title>Lección (versión html)</title>
<item identifier="ITEM-eXeescritura5c40c5be2449d06ac67" isvisible="true" identifierref="RES-eXeescritura5c40c5be2449d06ac68">
    <title>Presentaciones complementarias</title>
</item>
</item>
<item identifier="ITEM-eXeescritura5c40c5be2449d06ac69" isvisible="true" identifierref="RES-eXeescritura5c40c5be2449d06ac6a">
    <title>Guión de práctica</title>
</item>
<item identifier="ITEM-eXeescritura5c40c5be2449d06ac6b" isvisible="true" identifierref="RES-eXeescritura5c40c5be2449d06ac6c">
    <title>Resumen ePub</title>
</item>
</item>
  </organization>
</organizations>
<resources>
  <resource identifier="RES-eXeescritura5c40c5be2449d06ac54" type="webcontent" adlcp:scormtype="sco" href="index.html"> 
    <file href="index.html"/> 
    <file href="exe_html5.js"/>
    <dependency identifierref="COMMON_FILES"/>
  </resource>
  <resource identifier="RES-eXeescritura5c40c5be2449d06ac66" type="webcontent" adlcp:scormtype="sco" href="leccin_versin_html.html"> 
    <file href="leccin_versin_html.html"/> 
    <file href="exe_html5.js"/>
    <dependency identifierref="COMMON_FILES"/>
  </resource>
  <resource identifier="RES-eXeescritura5c40c5be2449d06ac68" type="webcontent" adlcp:scormtype="sco" href="presentaciones_complementarias.html"> 
    <file href="presentaciones_complementarias.html"/> 
    <file href="exe_html5.js"/>
    <file href="3_Vocales.pdf"/>
    <file href="2_Consonantes.pdf"/>
    <dependency identifierref="COMMON_FILES"/>
  </resource>
  <resource identifier="RES-eXeescritura5c40c5be2449d06ac6a" type="webcontent" adlcp:scormtype="sco" href="guin_de_prctica.html"> 
    <file href="guin_de_prctica.html"/> 
    <file href="exe_html5.js"/>
    <file href="4_guionpractica.pdf"/>
    <dependency identifierref="COMMON_FILES"/>
  </resource>
  <resource identifier="RES-eXeescritura5c40c5be2449d06ac6c" type="webcontent" adlcp:scormtype="sco" href="resumen_epub.html"> 
    <file href="resumen_epub.html"/> 
    <file href="exe_html5.js"/>
    <file href="5ebook2.md"/>
    <file href="Resumen completo.zip"/>
    <file href="5ebook2.epub"/>
    <dependency identifierref="COMMON_FILES"/>
  </resource>
  <resource identifier="COMMON_FILES" type="webcontent" adlcp:scormtype="asset">
    <file href="my_hide_show.png"/>
    <file href="icon_technology.gif"/>
    <file href="my_header_fullscreen.jpg"/>
    <file href="icon_calc.gif"/>
    <file href="icon_inter.gif"/>
    <file href="icon_gallery.gif"/>
    <file href="icon_define.gif"/>
    <file href="content.css"/>
    <file href="my_ims_header.jpg"/>
    <file href="icon_activity.gif"/>
    <file href="icon_assignment.gif"/>
    <file href="icon_present.gif"/>
    <file href="icon_assess.gif"/>
    <file href="my_js.js"/>
    <file href="icon_experiment.gif"/>
    <file href="my_header.jpg"/>
    <file href="nav.css"/>
    <file href="icon_time.gif"/>
    <file href="config.xml"/>
    <file href="my_nav_arrow.gif"/>
    <file href="icon_e_journal.gif"/>
    <file href="my_logo.jpg"/>
    <file href="icon_generic.gif"/>
    <file href="icon_web_resource.gif"/>
    <file href="icon_casestudy.gif"/>
    <file href="icon_review.gif"/>
    <file href="icon_e_gloss.gif"/>
    <file href="icon_objectives.gif"/>
    <file href="icon_question.gif"/>
    <file href="icon_synthesis.gif"/>
    <file href="icon_diagnosis.gif"/>
    <file href="icon_key_points.gif"/>
    <file href="icon_multimedia.gif"/>
    <file href="icon_attention.gif"/>
    <file href="icon_preknowledge.gif"/>
    <file href="icon_discussion.gif"/>
    <file href="my_list.gif"/>
    <file href="icon_summary.gif"/>
    <file href="icon_reading.gif"/>
    <file href="icon_reflection.gif"/>
    <file href="base.css"/>
    <file href="popup_bg.gif"/>
    <file href="SCORM_API_wrapper.js"/>
    <file href="SCOFunctions.js"/>
    <file href="common.js"/>
    <file href="common_i18n.js"/>
    <file href="exe_jquery.js"/>
  </resource>
</resources>
</manifest>
